{"cameraMode":{"drawMode":0,"name":"Shaded","section":"Shading Mode"},"sceneLighting":true,"audioPlay":false,"sceneViewState":{"showFog":true,"showMaterialUpdate":true,"showSkybox":true,"showFlares":true,"showImageEffects":true,"showParticleSystems":true},"in2DMode":false,"pivot":{"x":0.05982045829296112,"y":0.45492589473724368,"z":-0.6422464847564697},"rotation":{"x":-0.0075606657192111019,"y":-0.9796752333641052,"z":0.1968667060136795,"w":-0.037630245089530948},"size":3.465062141418457,"orthographic":false}