{"cameraMode":{"drawMode":0,"name":"Shaded","section":"Shading Mode"},"sceneLighting":false,"audioPlay":false,"sceneViewState":{"showFog":true,"showMaterialUpdate":true,"showSkybox":true,"showFlares":true,"showImageEffects":true,"showParticleSystems":true},"in2DMode":false,"pivot":{"x":0.02554228901863098,"y":1.3182227611541749,"z":0.08126182854175568},"rotation":{"x":0.0018413008656352759,"y":-0.9913544058799744,"z":0.1304236799478531,"w":0.013987097889184952},"size":0.5295694470405579,"orthographic":false}