{"cameraMode":{"drawMode":0,"name":"Shaded","section":"Shading Mode"},"sceneLighting":false,"audioPlay":false,"sceneViewState":{"showFog":true,"showMaterialUpdate":true,"showSkybox":true,"showFlares":true,"showImageEffects":true,"showParticleSystems":true},"in2DMode":false,"pivot":{"x":-0.9318000674247742,"y":0.03514649718999863,"z":-4.8337812423706059},"rotation":{"x":-0.11617349088191986,"y":0.8406557440757752,"z":-0.19932666420936585,"w":-0.4899604916572571},"size":1.1200460195541382,"orthographic":false}